,Juice,Bagel
calories,0.0,145.52554273179126
protein,0.0,4.452417880791745
fat,0.0,1.649129565333889
carbs,0.0,27.86218737239933
fiber,0.0,1.212820130127083
