names,calories,protein,fat,carbs,fiber
Hamburger,153.39252215176927,12.443173384785876,6.132552442778505,11.398144276772499,1.1498570372985786
Bread,267.0,10.72,3.24,48.68,4.0
