,Hamburger,Bread
calories,153.39252215176927,267.0
protein,12.443173384785876,10.72
fat,6.132552442778505,3.24
carbs,11.3981442767725,48.68
fiber,1.1498570372985786,4.0
