,Doughnut,Bagel
calories,434.0,145.52554273179126
protein,5.31,4.452417880791745
fat,24.93,1.649129565333889
carbs,47.06,27.86218737239933
fiber,1.7,1.212820130127083
