names,calories,protein,fat,carbs,fiber
Doughnut,434.0,5.31,24.93,47.06,1.7
Bagel,145.52554273179126,4.452417880791745,1.6491295653338893,27.862187372399326,1.212820130127083
